{
  "user_interaction_stats": {
    "total_users": 638257,
    "interaction_per_user": {
      "mean": 13.082991647565166,
      "median": 6.0,
      "std": 58.80425063165993,
      "min": 1,
      "max": 37207,
      "percentiles": {
        "10%": 1.0,
        "25%": 2.0,
        "50%": 6.0,
        "75%": 15.0,
        "90%": 29.0,
        "95%": 45.0,
        "99%": 102.0
      }
    },
    "users_by_interaction_count": {
      "1": 107422,
      "2-5": 195481,
      "6-10": 116162,
      "11-20": 109667,
      "21-50": 83628,
      "51-100": 19280,
      "100+": 6617
    },
    "event_type_per_user": {
      "view": {
        "users_with_event": 637440,
        "mean": 13.054103597767044,
        "median": 6.0,
        "max": 37207
      },
      "cart": {
        "users_with_event": 10481,
        "mean": 0.025635441522772175,
        "median": 0.0,
        "max": 69
      },
      "purchase": {
        "users_with_event": 1681,
        "mean": 0.0032526082753498984,
        "median": 0.0,
        "max": 11
      }
    }
  },
  "purchase_brand_stats": {
    "total_purchases": 2076,
    "unique_brands_purchased": 32,
    "top_20_brands": {
      "xiaomi": 224,
      "sony": 180,
      "samsung": 112,
      "iqos": 101,
      "respect": 74,
      "apple": 51,
      "defacto": 50,
      "luminarc": 43,
      "glo": 43,
      "lg": 40,
      "nika": 32,
      "omron": 28,
      "starline": 28,
      "bq": 27,
      "montale": 26,
      "lanvin": 22,
      "intex": 22,
      "prestigio": 21,
      "kingston": 20,
      "lenovo": 19
    },
    "brand_concentration": {
      "top_1_share": 10.789980732177264,
      "top_5_share": 33.285163776493256,
      "top_10_share": 44.21965317919075,
      "top_20_share": 56.02119460500964
    },
    "brands_with_single_purchase": 151
  },
  "overall_brand_stats": {
    "total_brands": 1859,
    "top_20_brands_by_interaction": {
      "respect": {
        "interactions": 723404,
        "unique_items": 1799,
        "views": 723018,
        "carts": 312,
        "purchases": 74
      },
      "sony": {
        "interactions": 425834,
        "unique_items": 222,
        "views": 423797,
        "carts": 1857,
        "purchases": 180
      },
      "xiaomi": {
        "interactions": 241872,
        "unique_items": 64,
        "views": 238988,
        "carts": 2660,
        "purchases": 224
      },
      "baden": {
        "interactions": 224849,
        "unique_items": 485,
        "views": 224753,
        "carts": 85,
        "purchases": 11
      },
      "samsung": {
        "interactions": 217397,
        "unique_items": 43,
        "views": 216537,
        "carts": 748,
        "purchases": 112
      },
      "rieker": {
        "interactions": 184334,
        "unique_items": 928,
        "views": 184277,
        "carts": 50,
        "purchases": 7
      },
      "luminarc": {
        "interactions": 171959,
        "unique_items": 119,
        "views": 171754,
        "carts": 162,
        "purchases": 43
      },
      "apple": {
        "interactions": 140224,
        "unique_items": 91,
        "views": 139517,
        "carts": 656,
        "purchases": 51
      },
      "defacto": {
        "interactions": 137947,
        "unique_items": 1790,
        "views": 137850,
        "carts": 47,
        "purchases": 50
      },
      "nika": {
        "interactions": 126107,
        "unique_items": 176,
        "views": 125728,
        "carts": 347,
        "purchases": 32
      },
      "nike": {
        "interactions": 117992,
        "unique_items": 511,
        "views": 117936,
        "carts": 50,
        "purchases": 6
      },
      "starline": {
        "interactions": 94343,
        "unique_items": 62,
        "views": 93957,
        "carts": 358,
        "purchases": 28
      },
      "conceptclub": {
        "interactions": 93008,
        "unique_items": 507,
        "views": 92994,
        "carts": 10,
        "purchases": 4
      },
      "greyder": {
        "interactions": 90521,
        "unique_items": 371,
        "views": 90485,
        "carts": 31,
        "purchases": 5
      },
      "intex": {
        "interactions": 84748,
        "unique_items": 73,
        "views": 84637,
        "carts": 89,
        "purchases": 22
      },
      "intel": {
        "interactions": 82422,
        "unique_items": 91,
        "views": 82300,
        "carts": 109,
        "purchases": 13
      },
      "lg": {
        "interactions": 79939,
        "unique_items": 22,
        "views": 79767,
        "carts": 132,
        "purchases": 40
      },
      "huawei": {
        "interactions": 72560,
        "unique_items": 20,
        "views": 72391,
        "carts": 155,
        "purchases": 14
      },
      "amd": {
        "interactions": 65864,
        "unique_items": 53,
        "views": 65786,
        "carts": 66,
        "purchases": 12
      },
      "montale": {
        "interactions": 62966,
        "unique_items": 112,
        "views": 62643,
        "carts": 297,
        "purchases": 26
      }
    },
    "brand_item_coverage": {
      "top_10_brands_items": 5717,
      "top_20_brands_items": 7539,
      "total_items": 29502
    }
  },
  "brand_view_patterns": {
    "respect": {
      "total_views": 723018,
      "unique_viewers": 108622,
      "views_per_user": {
        "mean": 6.656275892544788,
        "median": 2.0,
        "max": 412
      },
      "peak_hour": 16,
      "peak_day": 5,
      "hourly_distribution": {
        "0": 4807,
        "1": 8985,
        "2": 17878,
        "3": 24174,
        "4": 29179,
        "5": 32190,
        "6": 33172,
        "7": 33067,
        "8": 34966,
        "9": 35918,
        "10": 36266,
        "11": 35260,
        "12": 36169,
        "13": 40876,
        "14": 47575,
        "15": 54857,
        "16": 58823,
        "17": 56364,
        "18": 41365,
        "19": 28140,
        "20": 15628,
        "21": 8833,
        "22": 4876,
        "23": 3650
      }
    },
    "sony": {
      "total_views": 423797,
      "unique_viewers": 91467,
      "views_per_user": {
        "mean": 4.633332240042857,
        "median": 2.0,
        "max": 1429
      },
      "peak_hour": 16,
      "peak_day": 6,
      "hourly_distribution": {
        "0": 2683,
        "1": 3831,
        "2": 6770,
        "3": 12271,
        "4": 16945,
        "5": 20190,
        "6": 22707,
        "7": 23459,
        "8": 24449,
        "9": 23407,
        "10": 23335,
        "11": 23085,
        "12": 23625,
        "13": 24975,
        "14": 26414,
        "15": 28204,
        "16": 28902,
        "17": 26807,
        "18": 22292,
        "19": 15897,
        "20": 10576,
        "21": 6205,
        "22": 4035,
        "23": 2733
      }
    },
    "xiaomi": {
      "total_views": 238988,
      "unique_viewers": 87576,
      "views_per_user": {
        "mean": 2.7289211656161507,
        "median": 1.0,
        "max": 298
      },
      "peak_hour": 16,
      "peak_day": 6,
      "hourly_distribution": {
        "0": 1619,
        "1": 2441,
        "2": 4461,
        "3": 7187,
        "4": 10309,
        "5": 12111,
        "6": 13132,
        "7": 12998,
        "8": 13409,
        "9": 13271,
        "10": 13157,
        "11": 12534,
        "12": 12366,
        "13": 13051,
        "14": 14241,
        "15": 15573,
        "16": 16276,
        "17": 15699,
        "18": 13298,
        "19": 9180,
        "20": 5655,
        "21": 3389,
        "22": 2113,
        "23": 1518
      }
    },
    "baden": {
      "total_views": 224753,
      "unique_viewers": 56338,
      "views_per_user": {
        "mean": 3.9893677446838725,
        "median": 2.0,
        "max": 191
      },
      "peak_hour": 16,
      "peak_day": 5,
      "hourly_distribution": {
        "0": 1600,
        "1": 3165,
        "2": 5915,
        "3": 8082,
        "4": 9493,
        "5": 10027,
        "6": 10704,
        "7": 10286,
        "8": 10635,
        "9": 11664,
        "10": 11241,